player_name,position,week,rec_market_share
W.Fuller,WR,5,0.48484848484848486
J.Brown,WR,11,0.42424242424242425
K.Allen,WR,2,0.40540540540540543
T.Lockett,WR,9,0.3829787234042553
M.Andrews,TE,7,0.38095238095238093
D.Hopkins,WR,9,0.3793103448275862
C.Beasley,WR,12,0.375
M.Evans,WR,3,0.375
D.Hopkins,WR,1,0.37142857142857144
J.Landry,WR,12,0.37142857142857144
J.Crowder,WR,1,0.3695652173913043
D.Waller,TE,3,0.3684210526315789
S.Diggs,WR,6,0.36666666666666664
T.Hill,WR,10,0.36538461538461536
M.Andrews,TE,10,0.36363636363636365
T.McLaurin,WR,12,0.36363636363636365
M.Thomas,WR,2,0.3611111111111111
M.Thomas,WR,5,0.3611111111111111
A.Jeffery,WR,4,0.35714285714285715
W.Fuller,WR,12,0.3548387096774194
M.Evans,WR,9,0.34782608695652173
C.Sutton,WR,9,0.34782608695652173
C.Kupp,WR,5,0.3469387755102041
G.Kittle,TE,1,0.3448275862068966
M.Valdes-Scantling,WR,3,0.3448275862068966
T.Boyd,WR,5,0.34210526315789475
K.Allen,WR,3,0.34
K.Golladay,WR,2,0.3333333333333333
J.Reynolds,WR,11,0.3333333333333333
S.Watkins,WR,1,0.3333333333333333
M.Brown,WR,2,0.3333333333333333
D.Chark Jr.,WR,8,0.3333333333333333
H.Henry,TE,9,0.3333333333333333
C.Godwin,WR,2,0.3333333333333333
K.Allen,WR,8,0.3333333333333333
J.Edelman,WR,6,0.32558139534883723
C.Godwin,WR,4,0.32558139534883723
R.Woods,WR,1,0.325
D.Hopkins,WR,7,0.32432432432432434
D.Hopkins,WR,11,0.32432432432432434
D.Adams,WR,10,0.3225806451612903
C.Kupp,WR,8,0.3225806451612903
A.Robinson,WR,10,0.32142857142857145
A.Erickson,WR,7,0.3181818181818182
J.Brown,WR,9,0.3181818181818182
Z.Ertz,TE,2,0.3137254901960784
T.Hilton,WR,1,0.3103448275862069
D.Hopkins,WR,8,0.30952380952380953
M.Thomas,WR,1,0.30952380952380953
D.Waller,TE,1,0.3076923076923077
J.Edelman,WR,12,0.3076923076923077
M.Thomas,WR,6,0.3076923076923077
N.Agholor,WR,3,0.3076923076923077
T.Lockett,WR,2,0.3076923076923077
C.Beasley,WR,3,0.3055555555555556
K.Allen,WR,10,0.3055555555555556
M.Thomas,WR,11,0.3055555555555556
T.Boyd,WR,3,0.3055555555555556
C.Sutton,WR,5,0.30434782608695654
T.Kelce,TE,11,0.30303030303030304
J.Landry,WR,4,0.30303030303030304
O.Beckham,WR,11,0.30303030303030304
D.Hopkins,WR,6,0.3023255813953488
D.Adams,WR,12,0.3023255813953488
E.Ebron,TE,10,0.3
T.Boyd,WR,12,0.3
D.Westbrook,WR,3,0.3
C.Kupp,WR,3,0.3
D.Chark Jr.,WR,11,0.3
O.Beckham,WR,10,0.3
B.Cooks,WR,3,0.3
A.Cooper,WR,5,0.2978723404255319
M.Gallup,WR,5,0.2978723404255319
O.Beckham,WR,6,0.2972972972972973
C.Kirk,WR,8,0.2972972972972973
M.Evans,WR,2,0.2962962962962963
M.Andrews,TE,1,0.2962962962962963
J.Landry,WR,9,0.29545454545454547
T.Boyd,WR,7,0.29545454545454547
D.Moore,WR,6,0.29411764705882354
A.Cooper,WR,10,0.2916666666666667
Z.Ertz,TE,12,0.2916666666666667
E.Engram,TE,1,0.2916666666666667
M.Evans,WR,6,0.2903225806451613
C.Kupp,WR,2,0.2903225806451613
S.Shepard,WR,4,0.2903225806451613
J.Edelman,WR,1,0.2894736842105263
D.Adams,WR,9,0.2894736842105263
D.Parker,WR,7,0.2857142857142857
D.Moore,WR,9,0.2857142857142857
M.Evans,WR,12,0.2857142857142857
C.Godwin,WR,12,0.2857142857142857
Z.Ertz,TE,4,0.2857142857142857
T.Lockett,WR,3,0.2857142857142857
D.Adams,WR,4,0.2830188679245283
S.Watkins,WR,2,0.2826086956521739
D.Amendola,WR,1,0.2826086956521739
M.Williams,WR,5,0.2826086956521739
M.Jones Jr.,WR,12,0.28205128205128205
M.Thomas,WR,7,0.28205128205128205
J.Edelman,WR,8,0.28205128205128205
K.Allen,WR,7,0.28205128205128205
D.Thomas,WR,10,0.28125
M.Jones,WR,3,0.28125
A.Cooper,WR,1,0.28125
A.Robinson,WR,7,0.2807017543859649
T.McLaurin,WR,6,0.28
T.Gabriel,WR,11,0.28
M.Thomas,WR,10,0.28
A.Jeffery,WR,6,0.27906976744186046
J.Landry,WR,8,0.2777777777777778
D.Moore,WR,11,0.2777777777777778
D.Parker,WR,10,0.2777777777777778
T.Hill,WR,6,0.2777777777777778
M.Gallup,WR,11,0.2765957446808511
C.Sutton,WR,6,0.27586206896551724
C.Sutton,WR,12,0.27586206896551724
M.Thomas,WR,12,0.275
T.Hilton,WR,7,0.275
J.Edelman,WR,7,0.2727272727272727
P.Williams,WR,3,0.2727272727272727
D.Thomas,WR,7,0.2727272727272727
G.Kittle,TE,12,0.2727272727272727
T.Lockett,WR,8,0.2727272727272727
C.Godwin,WR,5,0.2727272727272727
A.Thielen,WR,1,0.2727272727272727
C.Beasley,WR,4,0.2708333333333333
M.Jones,WR,7,0.2708333333333333
O.Beckham,WR,2,0.2702702702702703
T.Williams,WR,1,0.2692307692307692
M.Brown,WR,12,0.2692307692307692
D.Samuel,WR,2,0.2692307692307692
G.Kittle,TE,8,0.2692307692307692
D.Parker,WR,12,0.2682926829268293
A.Tate,WR,6,0.2682926829268293
A.Brown,WR,2,0.26666666666666666
A.Jeffery,WR,5,0.26666666666666666
A.Thielen,WR,5,0.26666666666666666
D.Waller,TE,8,0.26666666666666666
A.Thielen,WR,6,0.26666666666666666
A.Erickson,WR,12,0.26666666666666666
A.Robinson,WR,5,0.2647058823529412
J.Jones,WR,3,0.2647058823529412
J.Crowder,WR,6,0.2647058823529412
D.Westbrook,WR,7,0.2647058823529412
C.Brate,TE,11,0.2641509433962264
E.Sanders,WR,2,0.2641509433962264
G.Everett,TE,7,0.2631578947368421
J.Brown,WR,1,0.2631578947368421
A.Brown,WR,12,0.2631578947368421
K.Allen,WR,1,0.2631578947368421
DK.Metcalf,WR,10,0.2631578947368421
J.Brown,WR,10,0.2619047619047619
N.Fant,TE,11,0.2619047619047619
E.Engram,TE,5,0.2619047619047619
J.Smith,TE,10,0.2608695652173913
DK.Metcalf,WR,1,0.2608695652173913
G.Everett,TE,10,0.2608695652173913
A.Robinson,WR,1,0.26
D.Moore,WR,2,0.25925925925925924
M.Thomas,WR,3,0.25925925925925924
A.Robinson,WR,2,0.25925925925925924
M.Gallup,WR,2,0.25806451612903225
G.Kittle,TE,5,0.25806451612903225
D.Waller,TE,4,0.25806451612903225
D.Hopkins,WR,12,0.25806451612903225
T.Kelce,TE,7,0.25806451612903225
D.Westbrook,WR,6,0.25806451612903225
D.Waller,TE,7,0.25806451612903225
J.Reynolds,WR,8,0.25806451612903225
K.Golladay,WR,6,0.2571428571428571
M.Thomas,WR,4,0.2571428571428571
N.Fant,TE,8,0.2571428571428571
J.Witten,TE,9,0.2571428571428571
D.Moore,WR,1,0.2564102564102564
C.Kupp,WR,12,0.2564102564102564
S.Watkins,WR,9,0.2564102564102564
Z.Ertz,TE,9,0.2558139534883721
L.Fitzgerald,WR,2,0.2558139534883721
M.Thomas,WR,8,0.2558139534883721
O.Beckham,WR,1,0.2558139534883721
M.Evans,WR,8,0.2553191489361702
G.Olsen,TE,3,0.25
C.Samuel,WR,8,0.25
C.Samuel,WR,3,0.25
Z.Ertz,TE,11,0.25
J.Landry,WR,10,0.25
L.Fitzgerald,WR,5,0.25
D.Adams,WR,2,0.25
A.Tate,WR,3,0.25
T.Boyd,WR,10,0.25
A.Brown,WR,7,0.25
K.Golladay,WR,3,0.25
A.Thielen,WR,3,0.25
J.Smith-Schuster,WR,2,0.25
C.Kupp,WR,1,0.25
D.Thomas,WR,5,0.25
D.Johnson,WR,5,0.25
J.Jones,WR,10,0.25
W.Dissly,TE,4,0.25
J.Brown,WR,2,0.25
J.Gordon,WR,3,0.24444444444444444
D.Moore,WR,12,0.24390243902439024
C.Kirk,WR,11,0.24324324324324326
S.Shepard,WR,12,0.24324324324324326
T.Hilton,WR,3,0.24324324324324326
C.Sutton,WR,4,0.24324324324324326
E.Sanders,WR,4,0.24324324324324326
D.Chark,WR,2,0.24324324324324326
D.Hopkins,WR,2,0.24242424242424243
G.Kittle,TE,3,0.24242424242424243
Ro.Anderson,WR,7,0.24242424242424243
D.Hopkins,WR,5,0.24242424242424243
M.Andrews,TE,6,0.24242424242424243
A.Thielen,WR,2,0.24242424242424243
J.Crowder,WR,11,0.24242424242424243
A.Cooper,WR,4,0.24242424242424243
J.Washington,WR,12,0.2413793103448276
P.Williams,WR,4,0.2413793103448276
J.Smith-Schuster,WR,3,0.2413793103448276
S.Diggs,WR,8,0.2413793103448276
A.Tate,WR,8,0.24074074074074073
C.Samuel,WR,2,0.24074074074074073
T.Hilton,WR,12,0.24
T.McLaurin,WR,8,0.24
D.Westbrook,WR,5,0.2391304347826087
D.Chark,WR,5,0.2391304347826087
R.Woods,WR,10,0.2391304347826087
T.Kelce,TE,5,0.23809523809523808
S.Shepard,WR,3,0.23809523809523808
P.Dorsett,WR,4,0.23684210526315788
J.Smith-Schuster,WR,8,0.23684210526315788
K.Golladay,WR,4,0.23684210526315788
T.Hill,WR,8,0.23684210526315788
T.McLaurin,WR,2,0.23684210526315788
C.Beasley,WR,1,0.23684210526315788
J.Jones,WR,6,0.23684210526315788
J.Jones,WR,7,0.23684210526315788
G.Kittle,TE,6,0.23529411764705882
D.Moore,WR,5,0.23529411764705882
C.Sutton,WR,1,0.23529411764705882
C.Conley,WR,7,0.23529411764705882
C.Godwin,WR,10,0.23529411764705882
Ro.Anderson,WR,6,0.23529411764705882
S.Diggs,WR,7,0.23529411764705882
C.Kirk,WR,3,0.23529411764705882
D.Moore,WR,10,0.23404255319148937
J.Edelman,WR,9,0.23404255319148937
G.Olsen,TE,10,0.23404255319148937
Z.Ertz,TE,5,0.23333333333333334
M.Jones,WR,9,0.23255813953488372
J.Jones,WR,2,0.23255813953488372
A.Robinson,WR,12,0.23255813953488372
C.Ridley,WR,2,0.23255813953488372
T.Kelce,TE,9,0.23076923076923078
R.Woods,WR,12,0.23076923076923078
T.Hill,WR,9,0.23076923076923078
J.Meyers,WR,12,0.23076923076923078
T.McLaurin,WR,9,0.23076923076923078
J.Jones,WR,1,0.23076923076923078
C.Davis,WR,4,0.23076923076923078
O.Beckham,WR,3,0.23076923076923078
J.Landry,WR,3,0.23076923076923078
M.Andrews,TE,2,0.23076923076923078
J.Brown,WR,4,0.22916666666666666
D.Amendola,WR,7,0.22916666666666666
P.Williams,WR,7,0.22857142857142856
D.Adams,WR,1,0.22857142857142856
R.Cobb,WR,9,0.22857142857142856
O.Beckham,WR,12,0.22857142857142856
M.Williams,WR,6,0.22727272727272727
DK.Metcalf,WR,8,0.22727272727272727
K.Allen,WR,11,0.22641509433962265
D.Chark,WR,6,0.22580645161290322
C.Ridley,WR,12,0.22580645161290322
E.Engram,TE,4,0.22580645161290322
P.Williams,WR,9,0.225
D.Jackson,WR,1,0.225
G.Everett,TE,5,0.22448979591836735
C.Ridley,WR,11,0.2222222222222222
J.Jones,WR,11,0.2222222222222222
J.Edelman,WR,3,0.2222222222222222
A.Humphries,WR,5,0.2222222222222222
D.Amendola,WR,8,0.2222222222222222
J.Landry,WR,5,0.2222222222222222
O.Beckham,WR,5,0.2222222222222222
K.Golladay,WR,8,0.2222222222222222
J.Brown,WR,7,0.2222222222222222
T.Boyd,WR,2,0.2222222222222222
L.Fitzgerald,WR,6,0.2222222222222222
J.Jones,WR,8,0.2222222222222222
A.Jeffery,WR,8,0.2222222222222222
A.Miller,WR,11,0.22
J.Crowder,WR,9,0.21951219512195122
M.Gallup,WR,1,0.21875
H.Renfrow,WR,9,0.21875
K.Johnson,WR,5,0.21875
A.Cooper,WR,3,0.21875
D.Waller,TE,11,0.21875
J.Smith-Schuster,WR,5,0.21875
C.Davis,WR,7,0.21875
R.Ellison,TE,6,0.21875
G.Kittle,TE,7,0.21739130434782608
B.Fowler,WR,2,0.21739130434782608
L.Fitzgerald,WR,1,0.21666666666666667
C.Kirk,WR,1,0.21666666666666667
S.Watkins,WR,3,0.21621621621621623
T.Kelce,TE,3,0.21621621621621623
N.Agholor,WR,2,0.21568627450980393
D.Samuel,WR,10,0.21568627450980393
C.Sutton,WR,11,0.21428571428571427
C.Kupp,WR,4,0.21428571428571427
S.Shepard,WR,5,0.21428571428571427
D.Robinson,WR,4,0.21428571428571427
R.Woods,WR,4,0.21428571428571427
T.Gabriel,WR,10,0.21428571428571427
T.Hilton,WR,8,0.21428571428571427
T.Boyd,WR,1,0.21428571428571427
J.Ross III,WR,1,0.21428571428571427
DK.Metcalf,WR,7,0.21428571428571427
C.Kupp,WR,6,0.21428571428571427
De.Walker,TE,1,0.21428571428571427
C.Kirk,WR,10,0.2127659574468085
DK.Metcalf,WR,9,0.2127659574468085
T.Kelce,TE,1,0.21212121212121213
M.Andrews,TE,5,0.21212121212121213
T.McLaurin,WR,5,0.21212121212121213
R.Cobb,WR,12,0.21212121212121213
W.Fuller,WR,2,0.21212121212121213
O.Beckham,WR,4,0.21212121212121213
S.Diggs,WR,2,0.21212121212121213
J.Landry,WR,11,0.21212121212121213
A.Hooper,TE,6,0.21052631578947367
D.Parker,WR,8,0.21052631578947367
S.Watkins,WR,8,0.21052631578947367
M.Andrews,TE,4,0.21052631578947367
C.Kupp,WR,7,0.21052631578947367
T.Kelce,TE,8,0.21052631578947367
D.Chark,WR,4,0.21052631578947367
J.Brown,WR,8,0.21052631578947367
G.Kittle,TE,9,0.21052631578947367
A.Miller,WR,12,0.20930232558139536
Z.Ertz,TE,6,0.20930232558139536
W.Fuller,WR,6,0.20930232558139536
A.Robinson,WR,9,0.20833333333333334
D.Moncrief,WR,1,0.20833333333333334
M.Gallup,WR,10,0.20833333333333334
N.Boyle,TE,9,0.20833333333333334
D.Samuel,WR,11,0.20833333333333334
Z.Ertz,TE,7,0.20689655172413793
M.Sanu,WR,4,0.20689655172413793
D.Johnson,WR,12,0.20689655172413793
D.Johnson,WR,3,0.20689655172413793
A.Hooper,TE,3,0.20588235294117646
C.Sutton,WR,3,0.20588235294117646
A.Robinson,WR,3,0.20588235294117646
A.Miller,WR,5,0.20588235294117646
G.Olsen,TE,6,0.20588235294117646
E.Sanders,WR,1,0.20588235294117646
A.Robinson,WR,4,0.20588235294117646
T.Gabriel,WR,3,0.20588235294117646
D.Hopkins,WR,4,0.20512820512820512
H.Henry,TE,7,0.20512820512820512
G.Olsen,TE,1,0.20512820512820512
D.Moore,WR,8,0.20454545454545456
N.Agholor,WR,11,0.20454545454545456
H.Henry,TE,6,0.20454545454545456
A.Hooper,TE,5,0.20408163265306123
J.Edelman,WR,11,0.20408163265306123
M.Williams,WR,8,0.2
E.Ebron,TE,12,0.2
T.Hilton,WR,2,0.2
R.Woods,WR,3,0.2
C.Conley,WR,1,0.2
H.Henry,TE,8,0.2
De.Walker,TE,2,0.2
J.Cook,TE,10,0.2
J.Cook,TE,12,0.2
S.Sims,WR,7,0.2
D.Parker,WR,1,0.2
T.Quinn,WR,7,0.2
A.Cooper,WR,9,0.2
T.Williams,WR,8,0.2
M.Jones,WR,2,0.2
C.Godwin,WR,9,0.1956521739130435
T.Hockenson,TE,1,0.1956521739130435
K.Golladay,WR,1,0.1956521739130435
K.Golladay,WR,10,0.1956521739130435
T.Kelce,TE,2,0.1956521739130435
H.Renfrow,WR,2,0.1951219512195122
R.Griffin,TE,9,0.1951219512195122
V.McDonald,TE,9,0.19444444444444445
O.Beckham,WR,8,0.19444444444444445
C.Conley,WR,8,0.19444444444444445
D.Hopkins,WR,3,0.19444444444444445
W.Fuller,WR,3,0.19444444444444445
V.McDonald,TE,2,0.19444444444444445
H.Henry,TE,10,0.19444444444444445
J.Cook,TE,2,0.19444444444444445
J.Smith,TE,8,0.19444444444444445
D.Inman,WR,4,0.1935483870967742
DK.Metcalf,WR,12,0.1935483870967742
T.Williams,WR,4,0.1935483870967742
D.Johnson,WR,4,0.1935483870967742
C.Godwin,WR,6,0.1935483870967742
R.Cobb,WR,2,0.1935483870967742
P.Richardson,WR,9,0.19230769230769232
M.Brown,WR,3,0.19148936170212766
C.Godwin,WR,8,0.19148936170212766
J.Edelman,WR,5,0.19148936170212766
J.Witten,TE,6,0.19047619047619047
S.Diggs,WR,4,0.19047619047619047
S.Roberts,WR,7,0.19047619047619047
E.Engram,TE,3,0.19047619047619047
T.Kelce,TE,4,0.19047619047619047
A.Hooper,TE,4,0.1896551724137931
C.Samuel,WR,4,0.1891891891891892
J.Landry,WR,2,0.1891891891891892
K.Stills,WR,11,0.1891891891891892
C.Conley,WR,12,0.18867924528301888
D.Parker,WR,11,0.18867924528301888
H.Henry,TE,11,0.18867924528301888
J.Crowder,WR,10,0.1875
H.Renfrow,WR,11,0.1875
T.McLaurin,WR,3,0.1875
P.Richardson,WR,3,0.1875
J.Washington,WR,5,0.1875
A.Tate,WR,10,0.1875
D.Goedert,TE,6,0.18604651162790697
C.Sutton,WR,7,0.18604651162790697
C.Kirk,WR,2,0.18604651162790697
A.Jeffery,WR,9,0.18604651162790697
N.Agholor,WR,9,0.18604651162790697
J.Crowder,WR,3,0.18518518518518517
D.Goedert,TE,8,0.18518518518518517
Ro.Anderson,WR,3,0.18518518518518517
T.Ginn,WR,3,0.18518518518518517
M.Brown,WR,1,0.18518518518518517
D.Knox,TE,7,0.18518518518518517
C.Beasley,WR,7,0.18518518518518517
P.Williams,WR,8,0.18421052631578946
T.Quinn,WR,2,0.18421052631578946
J.Edelman,WR,4,0.18421052631578946
M.Brown,WR,4,0.18421052631578946
D.Samuel,WR,9,0.18421052631578946
B.Cooks,WR,7,0.18421052631578946
C.Beasley,WR,8,0.18421052631578946
D.Johnson,WR,8,0.18421052631578946
R.Woods,WR,7,0.18421052631578946
J.Gordon,WR,4,0.18421052631578946
A.Robinson,WR,8,0.18421052631578946
A.Humphries,WR,3,0.1836734693877551
De.Walker,TE,3,0.1836734693877551
R.Woods,WR,5,0.1836734693877551
C.Ridley,WR,5,0.1836734693877551
R.Cobb,WR,4,0.18181818181818182
K.Harmon,WR,12,0.18181818181818182
N.Boyle,TE,10,0.18181818181818182
S.Diggs,WR,1,0.18181818181818182
I.McKenzie,WR,11,0.18181818181818182
M.Gallup,WR,12,0.18181818181818182
M.Brown,WR,10,0.18181818181818182
C.Conley,WR,11,0.18
Z.Ertz,TE,3,0.1794871794871795
M.Hollins,WR,3,0.1794871794871795
DK.Metcalf,WR,2,0.1794871794871795
J.Doyle,TE,8,0.17857142857142858
G.Everett,TE,6,0.17857142857142858
C.Kirk,WR,9,0.17857142857142858
D.Waller,TE,12,0.17647058823529413
K.Rudolph,TE,10,0.17647058823529413
I.Smith,TE,7,0.17647058823529413
K.Bourne,WR,10,0.17647058823529413
D.Chark Jr.,WR,9,0.17647058823529413
S.Diggs,WR,10,0.17647058823529413
K.Rudolph,TE,7,0.17647058823529413
C.Samuel,WR,6,0.17647058823529413
T.Williams,WR,12,0.17647058823529413
I.Smith,TE,10,0.17647058823529413
M.Sanu,WR,3,0.17647058823529413
C.Samuel,WR,5,0.17647058823529413
D.Pettis,WR,6,0.17647058823529413
Z.Ertz,TE,1,0.175
A.Jeffery,WR,1,0.175
G.Allison,WR,6,0.175
E.Engram,TE,2,0.17391304347826086
D.Amendola,WR,10,0.17391304347826086
A.Brown,WR,10,0.17391304347826086
B.Perriman,WR,9,0.17391304347826086
J.Doyle,TE,4,0.17391304347826086
P.Campbell,WR,4,0.17391304347826086
N.Fant,TE,9,0.17391304347826086
E.Engram,TE,9,0.17391304347826086
K.Bourne,WR,7,0.17391304347826086
S.Watkins,WR,10,0.17307692307692307
A.Hooper,TE,1,0.17307692307692307
A.Jeffery,WR,7,0.1724137931034483
N.Fant,TE,12,0.1724137931034483
J.Washington,WR,3,0.1724137931034483
D.Funchess,WR,1,0.1724137931034483
M.Gesicki,TE,1,0.17142857142857143
J.Crowder,WR,2,0.17142857142857143
G.Olsen,TE,9,0.17142857142857143
J.Cook,TE,4,0.17142857142857143
D.Westbrook,WR,1,0.17142857142857143
M.Gallup,WR,9,0.17142857142857143
T.Hockenson,TE,6,0.17142857142857143
C.Samuel,WR,9,0.17142857142857143
Ro.Anderson,WR,2,0.17142857142857143
M.Valdes-Scantling,WR,1,0.17142857142857143
A.Hurns,WR,12,0.17073170731707318
T.Williams,WR,2,0.17073170731707318
T.Boyd,WR,6,0.17073170731707318
A.Wilson,WR,12,0.17073170731707318
D.Waller,TE,2,0.17073170731707318
J.Washington,WR,10,0.17073170731707318
V.McDonald,TE,10,0.17073170731707318
G.Olsen,TE,12,0.17073170731707318
M.Gesicki,TE,12,0.17073170731707318
A.Cooper,WR,11,0.1702127659574468
J.Gordon,WR,5,0.1702127659574468
L.Fitzgerald,WR,10,0.1702127659574468
C.Samuel,WR,10,0.1702127659574468
J.Graham,TE,4,0.16981132075471697
D.Westbrook,WR,12,0.16981132075471697
G.Olsen,TE,2,0.16666666666666666
D.Goedert,TE,12,0.16666666666666666
T.Lockett,WR,7,0.16666666666666666
A.Tate,WR,11,0.16666666666666666
A.Cooper,WR,7,0.16666666666666666
C.Davis,WR,8,0.16666666666666666
A.Humphries,WR,8,0.16666666666666666
R.Gage,WR,8,0.16666666666666666
G.Allison,WR,5,0.16666666666666666
D.Chark,WR,3,0.16666666666666666
M.Brown,WR,9,0.16666666666666666
J.Ross III,WR,3,0.16666666666666666
Z.Jones,WR,4,0.16666666666666666
J.Gordon,WR,2,0.16666666666666666
D.Amendola,WR,11,0.16666666666666666
M.Jones,WR,11,0.16666666666666666
J.Smith-Schuster,WR,1,0.16666666666666666
T.Eifert,TE,8,0.16666666666666666
K.Stills,WR,3,0.16666666666666666
D.Fells,TE,3,0.16666666666666666
K.Golladay,WR,11,0.16666666666666666
M.Gesicki,TE,10,0.16666666666666666
K.Johnson,WR,1,0.16666666666666666
M.Gallup,WR,6,0.16666666666666666
T.Kelce,TE,6,0.16666666666666666
T.Boyd,WR,8,0.16666666666666666
C.Davis,WR,2,0.16666666666666666
R.Cobb,WR,10,0.16666666666666666
A.Brown,WR,2,0.16666666666666666
T.Ginn,WR,1,0.16666666666666666
C.Kupp,WR,11,0.16666666666666666
J.Cook,TE,5,0.16666666666666666
M.Evans,WR,4,0.16279069767441862
D.Fells,TE,6,0.16279069767441862
T.Hockenson,TE,9,0.16279069767441862
K.Golladay,WR,9,0.16279069767441862
J.Landry,WR,1,0.16279069767441862
M.Sanu,WR,2,0.16279069767441862
N.Agholor,WR,6,0.16279069767441862
D.Byrd,WR,2,0.16279069767441862
J.Wright,WR,4,0.16216216216216217
R.Gage,WR,12,0.16129032258064516
K.Allen,WR,4,0.16129032258064516
P.Richardson,WR,4,0.16129032258064516
A.Cooper,WR,2,0.16129032258064516
D.Robinson,WR,7,0.16129032258064516
T.Hill,WR,7,0.16129032258064516
DK.Metcalf,WR,5,0.16
T.Quinn,WR,6,0.16
P.Richardson,WR,6,0.16
T.Lockett,WR,5,0.16
W.Dissly,TE,5,0.16
P.Richardson,WR,8,0.16
J.Doyle,TE,12,0.16
T.McLaurin,WR,1,0.1590909090909091
V.Davis,TE,1,0.1590909090909091
P.Richardson,WR,1,0.1590909090909091
J.Grant,WR,3,0.1590909090909091
A.Tate,WR,5,0.15789473684210525
A.Miller,WR,7,0.15789473684210525
C.Ridley,WR,7,0.15789473684210525
A.Humphries,WR,12,0.15789473684210525
C.Godwin,WR,1,0.15789473684210525
J.Washington,WR,8,0.15789473684210525
C.Davis,WR,12,0.15789473684210525
T.Gabriel,WR,8,0.15789473684210525
C.Ridley,WR,6,0.15789473684210525
D.Westbrook,WR,4,0.15789473684210525
M.Hollins,WR,2,0.1568627450980392
G.Allison,WR,7,0.15625
D.Amendola,WR,3,0.15625
D.Smith,WR,3,0.15625
D.Waller,TE,5,0.15625
H.Renfrow,WR,5,0.15625
R.Cobb,WR,1,0.15625
E.Engram,TE,8,0.15555555555555556
P.Dorsett,WR,3,0.15555555555555556
J.Ross III,WR,2,0.15555555555555556
I.Smith,TE,9,0.15384615384615385
Ro.Anderson,WR,8,0.15384615384615385
T.Ginn,WR,6,0.15384615384615385
R.Grant,WR,1,0.15384615384615385
P.Dorsett,WR,8,0.15384615384615385
M.Williams,WR,7,0.15384615384615385
R.James Jr.,WR,2,0.15384615384615385
T.Higbee,TE,12,0.15384615384615385
S.Roberts,WR,12,0.15384615384615385
W.Fuller,WR,4,0.15384615384615385
Ro.Anderson,WR,1,0.15217391304347827
D.Parker,WR,2,0.15217391304347827
J.Grant,WR,2,0.15217391304347827
W.Snead,WR,5,0.15151515151515152
M.Brown,WR,5,0.15151515151515152
D.Thomas,WR,11,0.15151515151515152
R.Griffin,TE,11,0.15151515151515152
W.Snead,WR,6,0.15151515151515152
D.Pettis,WR,3,0.15151515151515152
J.Crowder,WR,7,0.15151515151515152
M.Evans,WR,11,0.1509433962264151
S.Diggs,WR,3,0.15
B.Cooks,WR,1,0.15
M.Gesicki,TE,9,0.15
I.Smith,TE,3,0.15
D.Parker,WR,9,0.15
J.Smith-Schuster,WR,6,0.15
De.Walker,TE,6,0.15
A.Humphries,WR,6,0.15
R.Cobb,WR,11,0.14893617021276595
J.Witten,TE,11,0.14893617021276595
M.Andrews,TE,3,0.14893617021276595
Z.Ertz,TE,8,0.14814814814814814
N.Agholor,WR,8,0.14814814814814814
C.Davis,WR,5,0.14814814814814814
C.Ridley,WR,8,0.14814814814814814
A.Hooper,TE,8,0.14814814814814814
E.Ebron,TE,11,0.14814814814814814
D.Waller,TE,10,0.14705882352941177
E.Sanders,WR,3,0.14705882352941177
T.Williams,WR,10,0.14705882352941177
H.Renfrow,WR,10,0.14705882352941177
H.Renfrow,WR,12,0.14705882352941177
D.Chark Jr.,WR,7,0.14705882352941177
J.Wims,WR,4,0.14705882352941177
A.Erickson,WR,6,0.14634146341463414
D.Johnson,WR,10,0.14634146341463414
J.Smith-Schuster,WR,10,0.14634146341463414
A.Brown,WR,9,0.14634146341463414
S.Shepard,WR,1,0.14583333333333334
J.Holton,WR,11,0.14583333333333334
V.McDonald,TE,11,0.14583333333333334
K.Bourne,WR,11,0.14583333333333334
M.Gesicki,TE,6,0.14583333333333334
C.Latimer,WR,1,0.14583333333333334
T.Quinn,WR,3,0.14583333333333334
J.Jones,WR,12,0.14516129032258066
T.Austin,WR,6,0.14285714285714285
T.Ginn,WR,4,0.14285714285714285
L.Fitzgerald,WR,4,0.14285714285714285
A.Thielen,WR,4,0.14285714285714285
D.Robinson,WR,5,0.14285714285714285
M.Hardman,WR,5,0.14285714285714285
J.O'Shaughnessy,TE,1,0.14285714285714285
D.Knox,TE,10,0.14285714285714285
C.Beasley,WR,10,0.14285714285714285
M.Jones,WR,6,0.14285714285714285
L.Fitzgerald,WR,9,0.14285714285714285
A.Brown,WR,1,0.14285714285714285
P.Williams,WR,1,0.14285714285714285
W.Dissly,TE,3,0.14285714285714285
S.Watkins,WR,4,0.14285714285714285
R.Woods,WR,6,0.14285714285714285
J.Jones,WR,5,0.14285714285714285
D.Fells,TE,8,0.14285714285714285
M.Brown,WR,11,0.14285714285714285
J.Graham,TE,1,0.14285714285714285
M.Andrews,TE,11,0.14285714285714285
E.Ebron,TE,8,0.14285714285714285
C.Sutton,WR,8,0.14285714285714285
M.Williams,WR,3,0.14
E.Sanders,WR,7,0.13953488372093023
K.Harmon,WR,11,0.13953488372093023
D.Njoku,TE,1,0.13953488372093023
K.Coutee,WR,6,0.13953488372093023
J.Smith-Schuster,WR,9,0.1388888888888889
J.Akins,TE,3,0.1388888888888889
K.Johnson,WR,6,0.1388888888888889
J.Brown,WR,3,0.1388888888888889
J.Brown,WR,5,0.1388888888888889
DK.Metcalf,WR,6,0.1388888888888889
C.Ridley,WR,10,0.1388888888888889
D.Knox,TE,5,0.1388888888888889
R.Gage,WR,10,0.1388888888888889
M.Valdes-Scantling,WR,2,0.1388888888888889
A.Hooper,TE,10,0.1388888888888889
T.Lockett,WR,6,0.1388888888888889
A.Erickson,WR,11,0.1388888888888889
C.Uzomah,TE,11,0.1388888888888889
M.Jones,WR,8,0.1388888888888889
K.Stills,WR,9,0.13793103448275862
Ro.Anderson,WR,12,0.13793103448275862
T.Hilton,WR,5,0.13793103448275862
D.Adams,WR,3,0.13793103448275862
D.Samuel,WR,1,0.13793103448275862
J.Crowder,WR,12,0.13793103448275862
D.Goedert,TE,7,0.13793103448275862
D.Parker,WR,4,0.13793103448275862
E.Ebron,TE,5,0.13793103448275862
C.Conley,WR,9,0.13725490196078433
L.Fitzgerald,WR,3,0.13725490196078433
O.Howard,TE,10,0.13725490196078433
W.Snead IV,WR,10,0.13636363636363635
I.McKenzie,WR,9,0.13636363636363635
D.Parker,WR,3,0.13636363636363635
O.Beckham,WR,9,0.13636363636363635
A.Tate,WR,7,0.13636363636363635
T.Quinn,WR,1,0.13636363636363635
K.Allen,WR,6,0.13636363636363635
D.Goedert,TE,11,0.13636363636363635
D.Byrd,WR,8,0.13513513513513514
K.Stills,WR,7,0.13513513513513514
J.Landry,WR,6,0.13513513513513514
M.Williams,WR,2,0.13513513513513514
K.Coutee,WR,7,0.13513513513513514
C.Rogers,WR,9,0.13513513513513514
P.Campbell,WR,9,0.13513513513513514
J.Doyle,TE,9,0.13513513513513514
D.Westbrook,WR,2,0.13513513513513514
C.Conley,WR,2,0.13513513513513514
D.Moore,WR,4,0.13513513513513514
D.Hamilton,WR,4,0.13513513513513514
M.Hardman,WR,3,0.13513513513513514
L.Fitzgerald,WR,11,0.13513513513513514
T.Kelce,TE,10,0.1346153846153846
H.Renfrow,WR,8,0.13333333333333333
K.Allen,WR,9,0.13333333333333333
A.Tate,WR,4,0.13333333333333333
C.Rogers,WR,2,0.13333333333333333
J.Ross III,WR,4,0.13333333333333333
E.Ebron,TE,2,0.13333333333333333
T.Boyd,WR,4,0.13333333333333333
J.James,TE,2,0.13333333333333333
J.Witten,TE,7,0.13333333333333333
S.Diggs,WR,5,0.13333333333333333
J.Sprinkle,TE,7,0.13333333333333333
J.Edelman,WR,2,0.13333333333333333
M.Gallup,WR,7,0.13333333333333333
T.McLaurin,WR,7,0.13333333333333333
C.Sutton,WR,2,0.1320754716981132
A.Hurns,WR,11,0.1320754716981132
M.Valdes-Scantling,WR,4,0.1320754716981132
D.Chark Jr.,WR,12,0.1320754716981132
J.Graham,TE,8,0.13157894736842105
S.Roberts,WR,4,0.13157894736842105
M.Jones,WR,4,0.13157894736842105
M.Evans,WR,1,0.13157894736842105
A.Hooper,TE,7,0.13157894736842105
H.Henry,TE,1,0.13157894736842105
B.Perriman,WR,1,0.13157894736842105
O.Howard,TE,1,0.13157894736842105
T.Hockenson,TE,10,0.13043478260869565
B.Fowler,WR,9,0.13043478260869565
J.Heuerman,TE,5,0.13043478260869565
L.Fitzgerald,WR,7,0.13043478260869565
K.Allen,WR,5,0.13043478260869565
M.Hardman,WR,2,0.13043478260869565
C.Rogers,WR,4,0.13043478260869565
P.Williams,WR,2,0.13043478260869565
M.Jones,WR,10,0.13043478260869565
D.Robinson,WR,2,0.13043478260869565
C.Samuel,WR,11,0.12962962962962962
A.Erickson,WR,8,0.12962962962962962
J.Smith-Schuster,WR,4,0.12903225806451613
R.Ellison,TE,4,0.12903225806451613
J.Akins,TE,12,0.12903225806451613
T.Quinn,WR,4,0.12903225806451613
M.Goodwin,WR,5,0.12903225806451613
V.Davis,TE,4,0.12903225806451613
J.Witten,TE,2,0.12903225806451613
B.Cooks,WR,2,0.12903225806451613
J.Graham,TE,10,0.12903225806451613
D.Carrier,TE,7,0.12903225806451613
G.Everett,TE,2,0.12903225806451613
B.Cooks,WR,4,0.12857142857142856
W.Dissly,TE,2,0.1282051282051282
D.Thomas,WR,8,0.1282051282051282
S.Diggs,WR,9,0.1282051282051282
K.Rudolph,TE,9,0.1282051282051282
T.Ginn,WR,7,0.1282051282051282
J.Crowder,WR,8,0.1282051282051282
D.Ratley,WR,3,0.1282051282051282
R.Griffin,TE,8,0.1282051282051282
R.Cobb,WR,5,0.1276595744680851
N.Boyle,TE,3,0.1276595744680851
C.Brate,TE,8,0.1276595744680851
J.Graham,TE,6,0.125
T.Williams,WR,9,0.125
J.Doyle,TE,7,0.125
E.Ebron,TE,7,0.125
J.Brown,WR,12,0.125
C.Beasley,WR,2,0.125
T.Gabriel,WR,9,0.125
T.Williams,WR,11,0.125
A.Humphries,WR,7,0.125
J.Washington,WR,1,0.125
T.Lockett,WR,4,0.125
T.Higbee,TE,1,0.125
J.Grant,WR,9,0.125
D.Knox,TE,2,0.125
R.Cobb,WR,3,0.125
T.Hockenson,TE,3,0.125
I.McKenzie,WR,12,0.125
F.Moreau,TE,5,0.125
M.Andrews,TE,9,0.125
R.Switzer,WR,1,0.125
T.Eifert,TE,10,0.125
C.Godwin,WR,3,0.125
J.Witten,TE,3,0.125
A.Wilson,WR,6,0.125
T.Ginn,WR,12,0.125
J.Graham,TE,7,0.125
DK.Metcalf,WR,4,0.125
J.Witten,TE,1,0.125
P.Williams,WR,6,0.125
C.Davis,WR,6,0.125
N.Agholor,WR,1,0.125
DK.Metcalf,WR,3,0.12244897959183673
K.Rudolph,TE,11,0.12195121951219512
S.Diggs,WR,11,0.12195121951219512
D.Carrier,TE,2,0.12195121951219512
R.Grant,WR,2,0.12195121951219512
A.Humphries,WR,9,0.12195121951219512
J.Smith,TE,9,0.12195121951219512
C.Davis,WR,9,0.12195121951219512
D.Samuel,WR,3,0.12121212121212122
J.Witten,TE,4,0.12121212121212122
K.Coutee,WR,2,0.12121212121212122
K.Coutee,WR,5,0.12121212121212122
B.Jarwin,TE,12,0.12121212121212122
K.Rudolph,TE,2,0.12121212121212122
M.Hardman,WR,11,0.12121212121212122
N.Boyle,TE,6,0.12121212121212122
J.Witten,TE,12,0.12121212121212122
T.Quinn,WR,5,0.12121212121212122
H.Hurst,TE,5,0.12121212121212122
C.Beasley,WR,11,0.12121212121212122
J.Jones,WR,4,0.1206896551724138
A.Robinson,WR,11,0.12
J.Sprinkle,TE,6,0.12
T.Quinn,WR,8,0.12
D.Westbrook,WR,11,0.12
M.Hardman,WR,4,0.11904761904761904
R.Shepard,WR,3,0.11904761904761904
J.Akins,TE,8,0.11904761904761904
K.Stills,WR,8,0.11904761904761904
M.Evans,WR,10,0.11764705882352941
T.Burton,TE,4,0.11764705882352941
D.Samuel,WR,6,0.11764705882352941
L.Stocker,TE,3,0.11764705882352941
T.Burton,TE,3,0.11764705882352941
N.Fant,TE,1,0.11764705882352941
D.Hamilton,WR,1,0.11764705882352941
D.Thomas,WR,6,0.11764705882352941
D.Byrd,WR,1,0.11666666666666667
T.Quinn,WR,11,0.11627906976744186
D.Hamilton,WR,7,0.11627906976744186
N.Fant,TE,7,0.11627906976744186
E.Engram,TE,7,0.11627906976744186
C.Latimer,WR,7,0.11627906976744186
J.Hill,TE,8,0.11627906976744186
B.Fowler,WR,7,0.11627906976744186
D.Goedert,TE,9,0.11627906976744186
A.Hooper,TE,2,0.11627906976744186
D.Amendola,WR,9,0.11627906976744186
W.Snead IV,WR,12,0.11538461538461539
M.Andrews,TE,12,0.11538461538461539
C.Ridley,WR,1,0.11538461538461539
J.Hardy,WR,1,0.11538461538461539
M.Sanu,WR,1,0.11538461538461539
D.Samuel,WR,8,0.11538461538461539
D.Pettis,WR,8,0.11538461538461539
M.Goodwin,WR,2,0.11538461538461539
H.Renfrow,WR,1,0.11538461538461539
A.Humphries,WR,4,0.11538461538461539
A.Brown,WR,4,0.11538461538461539
G.Kittle,TE,2,0.11538461538461539
T.Quinn,WR,9,0.11538461538461539
J.Wright,WR,9,0.11428571428571428
C.Kirk,WR,4,0.11428571428571428
A.Wilson,WR,1,0.11428571428571428
G.Swaim,TE,1,0.11428571428571428
J.Hill,TE,4,0.11428571428571428
J.Grant,WR,1,0.11428571428571428
G.Everett,TE,4,0.11428571428571428
M.Gesicki,TE,7,0.11428571428571428
D.Chark,WR,1,0.11428571428571428
J.Meyers,WR,7,0.11363636363636363
M.Gesicki,TE,11,0.11320754716981132
A.Wilson,WR,11,0.11320754716981132
D.Hamilton,WR,2,0.11320754716981132
C.Godwin,WR,11,0.11320754716981132
N.Boyle,TE,1,0.1111111111111111
H.Hurst,TE,1,0.1111111111111111
J.Wright,WR,2,0.1111111111111111
W.Snead,WR,1,0.1111111111111111
B.Perriman,WR,2,0.1111111111111111
I.McKenzie,WR,7,0.1111111111111111
D.Johnson,WR,2,0.1111111111111111
T.Eifert,TE,2,0.1111111111111111
A.Shaheen,TE,2,0.1111111111111111
T.Eifert,TE,11,0.1111111111111111
R.Switzer,WR,2,0.1111111111111111
M.Valdes-Scantling,WR,5,0.1111111111111111
T.Ginn,WR,11,0.1111111111111111
T.Burton,TE,2,0.1111111111111111
B.Braunecker,TE,2,0.1111111111111111
C.Beasley,WR,5,0.1111111111111111
M.Hardman,WR,6,0.1111111111111111
R.Gage,WR,11,0.1111111111111111
J.Hill,TE,5,0.1111111111111111
D.Knox,TE,3,0.1111111111111111
J.Washington,WR,9,0.1111111111111111
T.Eifert,TE,4,0.1111111111111111
A.Hurns,WR,10,0.1111111111111111
D.Robinson,WR,6,0.1111111111111111
J.Hardy,WR,11,0.1111111111111111
G.Allison,WR,2,0.1111111111111111
C.Core,WR,2,0.10869565217391304
E.Ebron,TE,4,0.10869565217391304
C.Latimer,WR,2,0.10869565217391304
R.Ellison,TE,9,0.10869565217391304
D.Cain,WR,4,0.10869565217391304
J.Reynolds,WR,10,0.10869565217391304
N.Fant,TE,4,0.10810810810810811
E.Ebron,TE,3,0.10810810810810811
J.Doyle,TE,3,0.10810810810810811
D.Robinson,WR,3,0.10810810810810811
J.O'Shaughnessy,TE,2,0.10810810810810811
G.Olsen,TE,4,0.10810810810810811
L.Fitzgerald,WR,8,0.10810810810810811
G.Swaim,TE,2,0.10810810810810811
T.Higbee,TE,6,0.10714285714285714
K.Johnson,WR,9,0.10714285714285714
B.Cooks,WR,6,0.10714285714285714
C.Davis,WR,1,0.10714285714285714
N.Boyle,TE,11,0.10714285714285714
W.Snead IV,WR,11,0.10714285714285714
D.Goedert,TE,4,0.10714285714285714
H.Hurst,TE,3,0.10638297872340426
W.Snead,WR,3,0.10638297872340426
B.Perriman,WR,8,0.10638297872340426
T.Eifert,TE,5,0.10526315789473684
T.Burton,TE,8,0.10526315789473684
V.Davis,TE,2,0.10526315789473684
G.Swaim,TE,4,0.10526315789473684
C.Conley,WR,4,0.10526315789473684
J.O'Shaughnessy,TE,4,0.10526315789473684
J.Kumerow,WR,8,0.10526315789473684
M.Sanu,WR,6,0.10526315789473684
V.McDonald,TE,8,0.10526315789473684
Z.Jones,WR,1,0.10526315789473684
D.Willis,WR,5,0.10526315789473684
T.Lockett,WR,10,0.10526315789473684
P.Dorsett,WR,1,0.10526315789473684
H.Renfrow,WR,3,0.10526315789473684
J.Gordon,WR,1,0.10526315789473684
J.Graham,TE,9,0.10526315789473684
J.Witten,TE,10,0.10416666666666667
D.Johnson,WR,1,0.10416666666666667
B.Fowler,WR,1,0.10416666666666667
J.Arcega-Whiteside,WR,12,0.10416666666666667
J.Washington,WR,11,0.10416666666666667
T.Hockenson,TE,7,0.10416666666666667
R.Griffin,TE,12,0.10344827586206896
D.Thomas,WR,12,0.10344827586206896
R.Tonyan,TE,3,0.10344827586206896
G.Allison,WR,3,0.10344827586206896
E.Ebron,TE,1,0.10344827586206896
K.Bourne,WR,1,0.10344827586206896
J.Doyle,TE,5,0.10344827586206896
M.Goodwin,WR,1,0.10344827586206896
C.Ridley,WR,4,0.10344827586206896
J.Akins,TE,9,0.10344827586206896
D.Fells,TE,9,0.10344827586206896
E.Sanders,WR,6,0.10344827586206896
N.Fant,TE,6,0.10344827586206896
K.Rudolph,TE,8,0.10344827586206896
N.Agholor,WR,7,0.10344827586206896
I.Smith,TE,8,0.10344827586206896
B.Cooks,WR,12,0.10256410256410256
J.Akins,TE,4,0.10256410256410256
C.Samuel,WR,1,0.10256410256410256
K.Golladay,WR,12,0.10256410256410256
M.Sanu,WR,5,0.10204081632653061
P.Dorsett,WR,11,0.10204081632653061
A.Brown,WR,3,0.10204081632653061
R.Cobb,WR,7,0.1
T.Benjamin,WR,3,0.1
T.Higbee,TE,4,0.1
O.Howard,TE,3,0.1
J.Doyle,TE,10,0.1
M.Williams,WR,9,0.1
T.Gabriel,WR,1,0.1
C.Rogers,WR,10,0.1
C.Conley,WR,3,0.1
J.O'Shaughnessy,TE,3,0.1
T.Hockenson,TE,2,0.1
J.Doyle,TE,2,0.1
P.Dorsett,WR,2,0.1
K.Rudolph,TE,6,0.1
D.Moncrief,WR,6,0.1
N.Agholor,WR,5,0.1
D.Goedert,TE,5,0.1
A.Tate,WR,12,0.1
A.Brown,WR,6,0.1
D.Johnson,WR,6,0.1
T.Sharpe,WR,9,0.0975609756097561
Ro.Anderson,WR,9,0.0975609756097561
C.Samuel,WR,12,0.0975609756097561
H.Renfrow,WR,4,0.0967741935483871
G.Allison,WR,10,0.0967741935483871
F.Moreau,TE,4,0.0967741935483871
J.Sprinkle,TE,4,0.0967741935483871
M.Hardman,WR,7,0.0967741935483871
D.Pettis,WR,5,0.0967741935483871
G.Everett,TE,8,0.0967741935483871
D.Smith,WR,2,0.0967741935483871
D.Samuel,WR,5,0.0967741935483871
T.Higbee,TE,2,0.0967741935483871
C.Conley,WR,6,0.0967741935483871
H.Renfrow,WR,7,0.0967741935483871
F.Moreau,TE,7,0.0967741935483871
D.Robinson,WR,10,0.09615384615384616
B.Jarwin,TE,6,0.09523809523809523
I.McKenzie,WR,10,0.09523809523809523
M.Boykin,WR,7,0.09523809523809523
H.Hurst,TE,7,0.09523809523809523
J.Heuerman,TE,2,0.09433962264150944
M.Williams,WR,11,0.09433962264150944
V.McDonald,TE,5,0.09375
J.Smith,TE,7,0.09375
T.Sharpe,WR,7,0.09375
M.Valdes-Scantling,WR,7,0.09375
Ro.Anderson,WR,10,0.09375
B.Jarwin,TE,1,0.09375
Z.Jones,WR,2,0.09375
R.Izzo,TE,6,0.09302325581395349
S.Sims,WR,11,0.09302325581395349
B.Braunecker,TE,12,0.09302325581395349
B.Wilson,WR,4,0.09302325581395349
T.McLaurin,WR,11,0.09302325581395349
J.Meyers,WR,6,0.09302325581395349
G.Allison,WR,12,0.09302325581395349
G.Olsen,TE,11,0.09259259259259259
D.Samuel,WR,12,0.09090909090909091
K.Bourne,WR,12,0.09090909090909091
M.Boykin,WR,6,0.09090909090909091
J.Akins,TE,2,0.09090909090909091
T.Benjamin,WR,6,0.09090909090909091
Ro.Anderson,WR,11,0.09090909090909091
H.Hurst,TE,10,0.09090909090909091
P.Dorsett,WR,7,0.09090909090909091
D.Ratley,WR,4,0.09090909090909091
D.Fells,TE,2,0.09090909090909091
S.Sims,WR,5,0.09090909090909091
J.Wright,WR,8,0.09090909090909091
K.Stills,WR,2,0.09090909090909091
C.Beebe,WR,1,0.09090909090909091
D.Knox,TE,11,0.09090909090909091
K.Rudolph,TE,1,0.09090909090909091
D.Harris,TE,9,0.09090909090909091
J.Sprinkle,TE,5,0.09090909090909091
S.Watkins,WR,11,0.09090909090909091
B.Jarwin,TE,4,0.09090909090909091
D.Knox,TE,9,0.09090909090909091
C.Beasley,WR,9,0.09090909090909091
M.Evans,WR,5,0.09090909090909091
T.Eifert,TE,1,0.08928571428571429
C.Uzomah,TE,1,0.08928571428571429
D.Willis,WR,1,0.08928571428571429
N.Fant,TE,3,0.08823529411764706
A.Miller,WR,3,0.08823529411764706
M.Goodwin,WR,6,0.08823529411764706
R.Griffin,TE,6,0.08823529411764706
A.Miller,WR,4,0.08823529411764706
J.Wright,WR,5,0.08823529411764706
J.Wright,WR,6,0.08823529411764706
T.Burton,TE,5,0.08823529411764706
N.Vannett,TE,1,0.08695652173913043
W.Dissly,TE,1,0.08695652173913043
C.Clay,TE,7,0.08695652173913043
J.O'Shaughnessy,TE,5,0.08695652173913043
T.Lockett,WR,1,0.08695652173913043
T.Jones,WR,2,0.08695652173913043
D.Byrd,WR,7,0.08695652173913043
K.Johnson,WR,7,0.08695652173913043
M.Jones,WR,1,0.08695652173913043
R.Griffin,TE,1,0.08695652173913043
D.Pettis,WR,7,0.08695652173913043
C.Kupp,WR,10,0.08695652173913043
T.Higbee,TE,10,0.08695652173913043
M.Lewis,TE,1,0.08571428571428572
A.Hurns,WR,7,0.08571428571428572
K.Johnson,WR,4,0.08571428571428572
K.Stills,WR,1,0.08571428571428572
M.LaCosse,TE,5,0.0851063829787234
P.Dorsett,WR,9,0.0851063829787234
K.Johnson,WR,10,0.0851063829787234
J.Witten,TE,5,0.0851063829787234
T.Boyd,WR,11,0.08333333333333333
A.Wilson,WR,10,0.08333333333333333
J.Washington,WR,2,0.08333333333333333
B.Fowler,WR,10,0.08333333333333333
T.Sweeney,TE,3,0.08333333333333333
V.Davis,TE,3,0.08333333333333333
J.Sprinkle,TE,3,0.08333333333333333
T.Sharpe,WR,8,0.08333333333333333
D.Johnson,WR,11,0.08333333333333333
D.Knox,TE,12,0.08333333333333333
T.Smith,WR,2,0.08333333333333333
Z.Jones,WR,3,0.08333333333333333
A.Brown,WR,8,0.08333333333333333
J.Smith-Schuster,WR,11,0.08333333333333333
V.McDonald,TE,1,0.08333333333333333
M.Williams,WR,10,0.08333333333333333
M.Williams,TE,6,0.08333333333333333
H.Hurst,TE,9,0.08333333333333333
W.Snead,WR,9,0.08333333333333333
D.Parker,WR,6,0.08333333333333333
J.Crowder,WR,5,0.08333333333333333
Ro.Anderson,WR,5,0.08333333333333333
D.Harris,TE,8,0.08333333333333333
J.Graham,TE,5,0.08333333333333333
J.James,TE,7,0.08333333333333333
B.Jarwin,TE,10,0.08333333333333333
C.Davis,WR,3,0.08163265306122448
D.Fells,TE,11,0.08108108108108109
D.Ratley,WR,2,0.08108108108108109
K.Coutee,WR,11,0.08108108108108109
D.Cain,WR,3,0.08108108108108109
P.Campbell,WR,3,0.08108108108108109
C.Clay,TE,8,0.08108108108108109
J.Sprinkle,TE,8,0.08
T.Williams,WR,3,0.07894736842105263
M.Boykin,WR,4,0.07894736842105263
L.Thomas,TE,4,0.07894736842105263
T.Hockenson,TE,4,0.07894736842105263
G.Allison,WR,8,0.07894736842105263
M.Gesicki,TE,8,0.07894736842105263
J.Grant,WR,8,0.07894736842105263
M.Williams,WR,1,0.07894736842105263
T.Benjamin,WR,1,0.07894736842105263
A.Miller,WR,8,0.07894736842105263
P.Richardson,WR,2,0.07894736842105263
D.Byrd,WR,3,0.0784313725490196
B.Perriman,WR,10,0.0784313725490196
J.Arcega-Whiteside,WR,2,0.0784313725490196
K.Johnson,WR,3,0.0784313725490196
J.Cook,TE,6,0.07692307692307693
K.Harmon,WR,9,0.07692307692307693
D.Amendola,WR,12,0.07692307692307693
J.Arcega-Whiteside,WR,3,0.07692307692307693
N.Boyle,TE,2,0.07692307692307693
De.Walker,TE,4,0.07692307692307693
J.Hill,TE,7,0.07692307692307693
K.Coutee,WR,4,0.07692307692307693
F.Moreau,TE,1,0.07692307692307693
M.Boykin,WR,2,0.07692307692307693
M.Turner,WR,2,0.07692307692307693
M.Boykin,WR,12,0.07692307692307693
K.Bourne,WR,2,0.07692307692307693
N.Fant,TE,2,0.07547169811320754
G.Allison,WR,4,0.07547169811320754
T.Smith,WR,12,0.075
J.Kumerow,WR,6,0.075
D.Goedert,TE,1,0.075
A.Hurns,WR,9,0.075
De.Walker,TE,5,0.07407407407407407
T.Gabriel,WR,2,0.07407407407407407
J.Hardy,WR,8,0.07407407407407407
C.Rogers,WR,11,0.07407407407407407
C.Brate,TE,2,0.07407407407407407
J.Smith,TE,5,0.07407407407407407
A.Brown,WR,5,0.07407407407407407
J.Hill,TE,3,0.07407407407407407
J.Cook,TE,3,0.07407407407407407
D.Ratley,WR,5,0.07407407407407407
D.Harris,TE,5,0.07407407407407407
D.Thomas,WR,9,0.07317073170731707
I.Smith,TE,11,0.07317073170731707
C.Uzomah,TE,6,0.07317073170731707
M.Williams,TE,9,0.07142857142857142
C.Rogers,WR,8,0.07142857142857142
C.Clay,TE,9,0.07142857142857142
A.Erickson,WR,1,0.07142857142857142
T.Sharpe,WR,1,0.07142857142857142
D.Carter,WR,8,0.07142857142857142
A.Miller,WR,10,0.07142857142857142
B.Fowler,WR,3,0.07142857142857142
M.Boykin,WR,11,0.07142857142857142
H.Hurst,TE,11,0.07142857142857142
T.Fumagalli,TE,11,0.07142857142857142
J.Cook,TE,1,0.07142857142857142
M.Hollins,WR,4,0.07142857142857142
O.Howard,TE,12,0.07142857142857142
C.Hogan,WR,3,0.07142857142857142
J.Wright,WR,3,0.07142857142857142
D.Moore,WR,3,0.07142857142857142
T.Burton,TE,7,0.07017543859649122
J.Sprinkle,TE,11,0.06976744186046512
M.Valdes-Scantling,WR,12,0.06976744186046512
R.Higgins,WR,1,0.06976744186046512
C.Brate,TE,4,0.06976744186046512
O.Howard,TE,4,0.06976744186046512
K.Johnson,WR,2,0.06976744186046512
J.Akins,TE,6,0.06976744186046512
M.Crabtree,WR,2,0.06976744186046512
T.Gabriel,WR,12,0.06976744186046512
T.Ginn,WR,8,0.06976744186046512
C.Rogers,WR,5,0.06896551724137931
M.Alie-Cox,TE,5,0.06896551724137931
V.McDonald,TE,3,0.06896551724137931
M.Lewis,TE,3,0.06896551724137931
R.James,WR,1,0.06896551724137931
J.Doyle,TE,1,0.06896551724137931
D.Cain,WR,1,0.06896551724137931
X.Grimble,TE,3,0.06896551724137931
D.Hamilton,WR,6,0.06896551724137931
M.Gesicki,TE,3,0.06818181818181818
J.Meyers,WR,3,0.06666666666666667
D.Willis,WR,2,0.06666666666666667
D.Sample,TE,2,0.06666666666666667
P.Richardson,WR,7,0.06666666666666667
M.LaCosse,TE,2,0.06666666666666667
A.Humphries,WR,2,0.06666666666666667
T.Sharpe,WR,2,0.06666666666666667
C.Latimer,WR,8,0.06666666666666667
T.Hockenson,TE,11,0.06666666666666667
A.Erickson,WR,2,0.06666666666666667
F.Moreau,TE,8,0.06666666666666667
G.Swaim,TE,3,0.06666666666666667
I.Smith,TE,6,0.06666666666666667
C.Latimer,WR,9,0.06521739130434782
R.Shepard,WR,2,0.06521739130434782
Q.Enunwa,WR,1,0.06521739130434782
C.Conley,WR,5,0.06521739130434782
R.Woods,WR,8,0.06451612903225806
J.Kumerow,WR,10,0.06451612903225806
K.Stills,WR,12,0.06451612903225806
K.Harmon,WR,4,0.06451612903225806
B.Fowler,WR,4,0.06451612903225806
G.Swaim,TE,6,0.06451612903225806
M.Turner,WR,12,0.06451612903225806
T.Lockett,WR,12,0.06451612903225806
D.Fells,TE,12,0.06451612903225806
R.Woods,WR,2,0.06451612903225806
K.Bourne,WR,5,0.06451612903225806
O.Howard,TE,6,0.06451612903225806
C.Brate,TE,6,0.06451612903225806
T.Davis,WR,7,0.0625
K.Golladay,WR,7,0.0625
R.Ellison,TE,10,0.0625
D.Waller,TE,9,0.0625
R.Foster,WR,2,0.0625
I.McKenzie,WR,2,0.0625
F.Moreau,TE,11,0.0625
F.Moreau,TE,9,0.0625
B.Jarwin,TE,3,0.0625
A.Erickson,WR,10,0.0625
J.Kumerow,WR,7,0.0625
D.Carrier,TE,5,0.0625
D.Knox,TE,4,0.0625
M.Turner,WR,3,0.061224489795918366
T.Sharpe,WR,3,0.061224489795918366
J.Smith,TE,3,0.061224489795918366
B.Cooks,WR,5,0.061224489795918366
T.Higbee,TE,5,0.061224489795918366
O.Howard,TE,5,0.06060606060606061
J.Sprinkle,TE,12,0.06060606060606061
P.Richardson,WR,12,0.06060606060606061
S.Roberts,WR,6,0.06060606060606061
B.Wilson,WR,5,0.06060606060606061
A.Cooper,WR,12,0.06060606060606061
M.Goodwin,WR,3,0.06060606060606061
D.Fells,TE,5,0.06060606060606061
K.Bourne,WR,3,0.06060606060606061
R.James Jr.,WR,3,0.06060606060606061
S.Sims,WR,12,0.06060606060606061
P.Richardson,WR,5,0.06060606060606061
S.Roberts,WR,5,0.06060606060606061
I.Smith,TE,2,0.06060606060606061
T.Hill,WR,11,0.06060606060606061
R.Griffin,TE,7,0.06060606060606061
N.Boyle,TE,5,0.06060606060606061
T.Hill,WR,1,0.06060606060606061
D.Robinson,WR,1,0.06060606060606061
B.Braunecker,TE,11,0.06
C.Patterson,WR,1,0.06
T.Ginn,WR,10,0.06
M.Goodwin,WR,10,0.058823529411764705
A.Shaheen,TE,4,0.058823529411764705
G.Olsen,TE,5,0.058823529411764705
D.Pettis,WR,10,0.058823529411764705
A.Thielen,WR,7,0.058823529411764705
J.Heuerman,TE,3,0.058823529411764705
D.Thomas,WR,2,0.05714285714285714
J.Bellamy,WR,2,0.05714285714285714
A.Wilson,WR,7,0.05714285714285714
A.Hurns,WR,1,0.05714285714285714
J.Akins,TE,1,0.05714285714285714
C.Clay,TE,4,0.05714285714285714
D.Harris,TE,12,0.05714285714285714
W.Fuller,WR,1,0.05714285714285714
J.Grant,WR,11,0.05660377358490566
B.Perriman,WR,11,0.05660377358490566
C.Clay,TE,6,0.05555555555555555
D.Byrd,WR,6,0.05555555555555555
G.Everett,TE,11,0.05555555555555555
T.Sweeney,TE,5,0.05555555555555555
I.McKenzie,WR,5,0.05555555555555555
M.Lewis,TE,5,0.05555555555555555
J.Grant,WR,10,0.05555555555555555
R.Higgins,WR,8,0.05555555555555555
R.Griffin,TE,5,0.05555555555555555
D.Johnson,WR,9,0.05555555555555555
J.Kumerow,WR,5,0.05555555555555555
T.Ginn,WR,5,0.05555555555555555
J.Cook,TE,11,0.05555555555555555
J.Hill,TE,11,0.05555555555555555
M.Alie-Cox,TE,3,0.05405405405405406
J.Akins,TE,7,0.05405405405405406
T.Benjamin,WR,2,0.05405405405405406
D.Fells,TE,7,0.05405405405405406
E.Ebron,TE,9,0.05405405405405406
D.Cain,WR,9,0.05405405405405406
V.Green,TE,2,0.05405405405405406
J.Akins,TE,11,0.05405405405405406
D.Inman,WR,2,0.05405405405405406
K.Johnson,WR,11,0.05405405405405406
A.Shaheen,TE,8,0.05263157894736842
R.Izzo,TE,1,0.05263157894736842
J.Hardy,WR,7,0.05263157894736842
C.Patterson,WR,7,0.05263157894736842
R.Gage,WR,7,0.05263157894736842
W.Snead,WR,4,0.05263157894736842
A.Wilson,WR,8,0.05263157894736842
M.Hardman,WR,8,0.05263157894736842
H.Hurst,TE,4,0.05263157894736842
C.Patterson,WR,8,0.05263157894736842
C.Brate,TE,1,0.05263157894736842
D.Robinson,WR,8,0.05263157894736842
C.Uzomah,TE,5,0.05263157894736842
M.Valdes-Scantling,WR,8,0.05263157894736842
M.Valdes-Scantling,WR,9,0.05263157894736842
G.Allison,WR,9,0.05263157894736842
T.Sweeney,TE,1,0.05263157894736842
J.Kumerow,WR,9,0.05263157894736842
F.Moreau,TE,3,0.05263157894736842
M.Sanu,WR,7,0.05263157894736842
A.Shaheen,TE,7,0.05263157894736842
D.Moncrief,WR,8,0.05263157894736842
M.Pruitt,TE,12,0.05263157894736842
D.Knox,TE,1,0.05263157894736842
M.Turner,WR,10,0.05263157894736842
G.Everett,TE,12,0.05128205128205128
K.Stills,WR,4,0.05128205128205128
T.Hockenson,TE,12,0.05128205128205128
D.Harris,TE,3,0.05128205128205128
L.Thomas,TE,12,0.05128205128205128
J.Reynolds,WR,12,0.05128205128205128
D.Robinson,WR,9,0.05128205128205128
J.Meyers,WR,8,0.05128205128205128
J.Hill,TE,6,0.05128205128205128
C.Rogers,WR,7,0.05
J.Holton,WR,6,0.05
B.Perriman,WR,3,0.05
C.Brate,TE,3,0.05
R.Switzer,WR,6,0.05
M.Lewis,TE,6,0.05
M.Valdes-Scantling,WR,6,0.05
G.Everett,TE,3,0.05
J.Reynolds,WR,3,0.05
J.Reynolds,WR,1,0.05
A.Wilson,WR,9,0.05
D.Harris,TE,10,0.05
K.Rudolph,TE,3,0.05
V.McDonald,TE,6,0.05
I.Thomas,TE,12,0.04878048780487805
T.Eifert,TE,6,0.04878048780487805
B.Wilson,WR,6,0.04838709677419355
N.Boyle,TE,7,0.047619047619047616
A.Cooper,WR,6,0.047619047619047616
W.Snead,WR,7,0.047619047619047616
T.Smith,WR,1,0.047619047619047616
C.Clay,TE,2,0.046511627906976744
M.Hollins,WR,6,0.046511627906976744
D.Harris,WR,8,0.046511627906976744
D.Ratley,WR,1,0.046511627906976744
J.Wims,WR,12,0.046511627906976744
J.Graham,TE,12,0.046511627906976744
R.Ellison,TE,7,0.046511627906976744
R.Tonyan,TE,12,0.046511627906976744
J.James,TE,9,0.046511627906976744
L.Thomas,TE,9,0.046511627906976744
V.Green,TE,6,0.045454545454545456
G.Olsen,TE,8,0.045454545454545456
K.Harmon,WR,1,0.045454545454545456
M.Turner,WR,8,0.045454545454545456
A.Hurns,WR,3,0.045454545454545456
T.Eifert,TE,7,0.045454545454545456
R.Foster,WR,9,0.045454545454545456
R.Ellison,TE,8,0.044444444444444446
B.Fowler,WR,8,0.044444444444444446
A.Tate,WR,2,0.044444444444444446
A.Hurns,WR,2,0.043478260869565216
T.Fumagalli,TE,9,0.043478260869565216
L.Thomas,TE,10,0.043478260869565216
E.Sanders,WR,5,0.043478260869565216
A.Humphries,WR,10,0.043478260869565216
M.Gesicki,TE,2,0.043478260869565216
M.Williams,TE,7,0.043478260869565216
M.Goodwin,WR,7,0.043478260869565216
R.James Jr.,WR,7,0.043478260869565216
N.Fant,TE,5,0.043478260869565216
T.Benjamin,WR,5,0.043478260869565216
T.Sharpe,WR,10,0.043478260869565216
S.Roberts,WR,3,0.0425531914893617
B.Jarwin,TE,11,0.0425531914893617
M.Williams,TE,10,0.0425531914893617
J.Wright,WR,10,0.0425531914893617
R.Izzo,TE,5,0.0425531914893617
J.Meyers,WR,5,0.0425531914893617
S.Sims,WR,3,0.041666666666666664
A.Miller,WR,9,0.041666666666666664
M.Boykin,WR,9,0.041666666666666664
A.Shaheen,TE,9,0.041666666666666664
M.Goodwin,WR,11,0.041666666666666664
J.Holton,WR,1,0.041666666666666664
T.Burton,TE,9,0.041666666666666664
S.Roberts,WR,9,0.041666666666666664
A.Hurns,WR,6,0.041666666666666664
C.Patterson,WR,9,0.041666666666666664
R.Foster,WR,12,0.041666666666666664
R.Ellison,TE,1,0.041666666666666664
N.Vannett,TE,3,0.04081632653061224
M.LaCosse,TE,11,0.04081632653061224
J.Meyers,WR,11,0.04081632653061224
R.Gage,WR,5,0.04081632653061224
D.Jennings,WR,3,0.04081632653061224
K.Harmon,WR,6,0.04
J.Wims,WR,11,0.04
C.Rogers,WR,12,0.04
D.Inman,WR,3,0.04
J.Wims,WR,1,0.04
A.Shaheen,TE,1,0.04
T.Smith,WR,10,0.04
K.Harmon,WR,8,0.04
M.Crabtree,WR,3,0.0392156862745098
R.Gage,WR,1,0.038461538461538464
S.Sims,WR,9,0.038461538461538464
D.Jennings,WR,4,0.038461538461538464
D.Harris,WR,1,0.038461538461538464
J.Sprinkle,TE,9,0.038461538461538464
J.Smith,TE,4,0.038461538461538464
K.Bourne,WR,8,0.038461538461538464
N.Boyle,TE,12,0.038461538461538464
H.Hurst,TE,12,0.038461538461538464
M.Lewis,TE,4,0.03773584905660377
A.Miller,WR,2,0.037037037037037035
L.Smith,TE,7,0.037037037037037035
T.Sharpe,WR,5,0.037037037037037035
M.Boykin,WR,1,0.037037037037037035
J.Wright,WR,11,0.037037037037037035
C.Uzomah,TE,8,0.037037037037037035
S.Roberts,WR,1,0.037037037037037035
R.Griffin,TE,3,0.037037037037037035
J.Smith,TE,1,0.03571428571428571
P.Campbell,WR,8,0.03571428571428571
A.Humphries,WR,1,0.03571428571428571
N.Agholor,WR,4,0.03571428571428571
J.Reynolds,WR,6,0.03571428571428571
B.Braunecker,TE,10,0.03571428571428571
M.Pruitt,TE,1,0.03571428571428571
T.Burton,TE,10,0.03571428571428571
C.Brate,TE,12,0.03571428571428571
B.Perriman,WR,12,0.03571428571428571
S.Roberts,WR,11,0.03571428571428571
T.Gabriel,WR,7,0.03508771929824561
D.Hamilton,WR,12,0.034482758620689655
V.McDonald,TE,12,0.034482758620689655
M.Alie-Cox,TE,1,0.034482758620689655
D.Pettis,WR,1,0.034482758620689655
J.Grant,WR,4,0.034482758620689655
M.Hollins,WR,7,0.034482758620689655
D.Cain,WR,5,0.034482758620689655
D.Carter,WR,9,0.034482758620689655
J.Graham,TE,3,0.034482758620689655
N.O'Leary,TE,4,0.034482758620689655
P.Campbell,WR,1,0.034482758620689655
M.Alie-Cox,TE,2,0.03333333333333333
D.Cain,WR,2,0.03333333333333333
C.Uzomah,TE,12,0.03333333333333333
T.Eifert,TE,12,0.03333333333333333
V.Green,TE,8,0.03333333333333333
L.Thomas,TE,11,0.03333333333333333
M.Hollins,WR,5,0.03333333333333333
L.Thomas,TE,2,0.03333333333333333
B.Jarwin,TE,7,0.03333333333333333
D.Jennings,WR,2,0.03333333333333333
K.Rudolph,TE,5,0.03333333333333333
D.Amendola,WR,2,0.03333333333333333
T.Austin,WR,7,0.03333333333333333
P.Campbell,WR,2,0.03333333333333333
B.Jarwin,TE,2,0.03225806451612903
J.Reynolds,WR,2,0.03225806451612903
M.Valdes-Scantling,WR,10,0.03225806451612903
B.Cooks,WR,8,0.03225806451612903
T.Higbee,TE,8,0.03225806451612903
J.Washington,WR,4,0.03225806451612903
B.Bell,TE,7,0.03225806451612903
J.James,TE,3,0.03125
L.Smith,TE,2,0.03125
J.Holton,WR,5,0.03125
D.Sample,TE,10,0.03125
T.Sweeney,TE,2,0.03125
R.Griffin,TE,10,0.03125
M.Williams,TE,5,0.03125
C.Clay,TE,5,0.03125
C.Latimer,WR,6,0.03125
T.Austin,WR,1,0.03125
L.Thomas,TE,3,0.03125
C.Beebe,WR,2,0.030303030303030304
T.Quinn,WR,12,0.030303030303030304
K.Harmon,WR,5,0.030303030303030304
D.Robinson,WR,11,0.030303030303030304
B.Bell,TE,1,0.030303030303030304
T.Austin,WR,4,0.030303030303030304
C.Brate,TE,5,0.030303030303030304
M.Hardman,WR,1,0.030303030303030304
P.Brown,TE,4,0.030303030303030304
J.Akins,TE,5,0.030303030303030304
T.Austin,WR,12,0.030303030303030304
H.Hurst,TE,6,0.030303030303030304
D.Smith,WR,4,0.030303030303030304
J.Hardy,WR,3,0.029411764705882353
K.Bourne,WR,6,0.029411764705882353
J.Wims,WR,3,0.029411764705882353
A.Shaheen,TE,3,0.029411764705882353
C.Patterson,WR,3,0.029411764705882353
F.Moreau,TE,12,0.029411764705882353
C.Patterson,WR,4,0.029411764705882353
C.Ridley,WR,3,0.029411764705882353
D.Carrier,TE,12,0.029411764705882353
J.Wims,WR,5,0.029411764705882353
J.Heuerman,TE,8,0.02857142857142857
J.James,TE,6,0.02857142857142857
D.Amendola,WR,6,0.02857142857142857
D.Fells,TE,1,0.02857142857142857
L.Thomas,TE,6,0.02857142857142857
D.Carter,WR,1,0.02857142857142857
D.Hamilton,WR,8,0.02857142857142857
R.Griffin,TE,2,0.02857142857142857
M.Williams,TE,4,0.02857142857142857
J.Reynolds,WR,4,0.02857142857142857
D.Smythe,TE,7,0.02857142857142857
R.Tonyan,TE,1,0.02857142857142857
R.Higgins,WR,12,0.02857142857142857
B.Jarwin,TE,9,0.02857142857142857
T.Davis,WR,1,0.02857142857142857
J.Holton,WR,9,0.027777777777777776
M.Turner,WR,6,0.027777777777777776
T.Smith,WR,11,0.027777777777777776
L.Thomas,TE,8,0.027777777777777776
M.Lewis,TE,2,0.027777777777777776
J.Graham,TE,2,0.027777777777777776
J.Kumerow,WR,2,0.027777777777777776
B.Bell,TE,6,0.027777777777777776
R.Foster,WR,3,0.027777777777777776
D.Thomas,WR,6,0.027777777777777776
M.Pruitt,TE,8,0.027777777777777776
L.Smith,TE,5,0.027777777777777776
J.Holton,WR,2,0.027777777777777776
D.Moncrief,WR,2,0.027777777777777776
C.Uzomah,TE,3,0.027777777777777776
X.Grimble,TE,2,0.027777777777777776
A.Erickson,WR,3,0.027777777777777776
D.Westbrook,WR,8,0.027777777777777776
I.McKenzie,WR,3,0.027777777777777776
R.Tonyan,TE,5,0.027777777777777776
D.Harris,WR,2,0.027777777777777776
L.Smith,TE,3,0.027777777777777776
D.Willis,WR,11,0.027777777777777776
W.Dissly,TE,6,0.027777777777777776
T.Eifert,TE,3,0.027777777777777776
T.Hockenson,TE,8,0.027777777777777776
C.Latimer,WR,12,0.02702702702702703
W.Fuller,WR,7,0.02702702702702703
D.Harris,TE,2,0.02702702702702703
P.Brown,TE,2,0.02702702702702703
C.Hogan,WR,4,0.02702702702702703
B.Bell,TE,3,0.02702702702702703
P.Brown,TE,6,0.02702702702702703
T.Taylor,WR,2,0.02702702702702703
D.Njoku,TE,2,0.02702702702702703
M.Alie-Cox,TE,9,0.02702702702702703
M.Williams,TE,8,0.02702702702702703
C.Clay,TE,11,0.02702702702702703
L.Stocker,TE,6,0.02631578947368421
L.Smith,TE,8,0.02631578947368421
N.O'Leary,TE,8,0.02631578947368421
R.Foster,WR,8,0.02631578947368421
D.Knox,TE,8,0.02631578947368421
A.Hurns,WR,8,0.02631578947368421
D.Inman,WR,1,0.02631578947368421
V.Green,TE,1,0.02631578947368421
J.Meyers,WR,1,0.02631578947368421
T.Higbee,TE,7,0.02631578947368421
J.Reynolds,WR,7,0.02631578947368421
A.Erickson,WR,5,0.02631578947368421
J.James,TE,4,0.02631578947368421
B.Bell,TE,8,0.02631578947368421
R.Gage,WR,6,0.02631578947368421
M.Lewis,TE,8,0.02631578947368421
B.Wilson,WR,1,0.02631578947368421
K.Bourne,WR,9,0.02631578947368421
D.Pettis,WR,9,0.02631578947368421
S.Sims,WR,2,0.02631578947368421
J.Sprinkle,TE,2,0.02631578947368421
N.Boyle,TE,4,0.02631578947368421
J.Wright,WR,1,0.02564102564102564
C.Hogan,WR,1,0.02564102564102564
B.Bell,TE,9,0.02564102564102564
D.Goedert,TE,3,0.02564102564102564
D.Fells,TE,4,0.02564102564102564
A.Thielen,WR,9,0.02564102564102564
H.Hurst,TE,2,0.02564102564102564
V.Green,TE,7,0.02564102564102564
N.Vannett,TE,2,0.02564102564102564
M.LaCosse,TE,12,0.02564102564102564
W.Snead,WR,2,0.02564102564102564
J.James,TE,12,0.02564102564102564
I.Thomas,TE,1,0.02564102564102564
D.Jennings,WR,6,0.025
B.Wilson,WR,3,0.025
T.Sharpe,WR,6,0.025
J.Smith,TE,6,0.025
R.Higgins,WR,10,0.025
G.Everett,TE,1,0.025
M.Alie-Cox,TE,10,0.025
J.Hill,TE,12,0.025
D.Willis,WR,6,0.024390243902439025
J.Wright,WR,12,0.024390243902439025
D.Sample,TE,6,0.024390243902439025
D.Smythe,TE,12,0.024390243902439025
J.Grant,WR,12,0.024390243902439025
R.Foster,WR,10,0.023809523809523808
R.Ellison,TE,3,0.023809523809523808
K.Rudolph,TE,4,0.023809523809523808
I.Smith,TE,4,0.023809523809523808
J.Hill,TE,1,0.023809523809523808
R.Ellison,TE,5,0.023809523809523808
C.Latimer,WR,5,0.023809523809523808
M.Turner,WR,7,0.023809523809523808
J.Gordon,WR,6,0.023255813953488372
L.Stocker,TE,2,0.023255813953488372
D.Jackson,WR,9,0.023255813953488372
R.Gage,WR,2,0.023255813953488372
B.Perriman,WR,4,0.023255813953488372
J.Hardy,WR,2,0.023255813953488372
J.Kumerow,WR,12,0.023255813953488372
D.Harris,TE,1,0.023255813953488372
M.Williams,TE,2,0.023255813953488372
D.Smythe,TE,3,0.022727272727272728
N.O'Leary,TE,3,0.022727272727272728
J.Arcega-Whiteside,WR,11,0.022727272727272728
D.Sample,TE,7,0.022727272727272728
J.Sprinkle,TE,1,0.022727272727272728
R.Higgins,WR,9,0.022727272727272728
I.Thomas,TE,8,0.022727272727272728
M.Hollins,WR,11,0.022727272727272728
D.Willis,WR,4,0.022222222222222223
C.Uzomah,TE,4,0.022222222222222223
R.Izzo,TE,3,0.022222222222222223
G.Swaim,TE,5,0.021739130434782608
B.Bell,TE,2,0.021739130434782608
N.O'Leary,TE,2,0.021739130434782608
V.Green,TE,5,0.021739130434782608
D.Thomas,WR,2,0.021739130434782608
D.Smythe,TE,2,0.021739130434782608
R.Ellison,TE,2,0.021739130434782608
J.James,TE,10,0.021739130434782608
J.Bellamy,WR,1,0.021739130434782608
J.James,TE,1,0.021739130434782608
T.Austin,WR,5,0.02127659574468085
T.Austin,WR,11,0.02127659574468085
M.Boykin,WR,3,0.02127659574468085
C.Clay,TE,10,0.02127659574468085
R.James Jr.,WR,11,0.020833333333333332
N.O'Leary,TE,6,0.020833333333333332
C.Latimer,WR,10,0.020833333333333332
J.Reynolds,WR,5,0.02040816326530612
J.Hardy,WR,5,0.02040816326530612
A.Miller,WR,1,0.02
C.Clay,TE,3,0.0196078431372549
M.Hardman,WR,10,0.019230769230769232
L.Stocker,TE,1,0.019230769230769232
V.Green,TE,11,0.018867924528301886
R.Tonyan,TE,4,0.018867924528301886
O.Howard,TE,11,0.018867924528301886
T.Fumagalli,TE,2,0.018867924528301886
C.Hogan,WR,2,0.018518518518518517
I.Thomas,TE,11,0.018518518518518517
L.Stocker,TE,8,0.018518518518518517
J.Wims,WR,7,0.017543859649122806
L.Stocker,TE,4,0.017241379310344827
M.Williams,TE,1,0.016666666666666666
C.Clay,TE,1,0.016666666666666666
L.Stocker,TE,12,0.016129032258064516
R.James Jr.,WR,12,0.0
T.Austin,WR,10,0.0
D.Harris,WR,4,0.0
D.Carrier,TE,9,0.0
J.Holton,WR,3,0.0
C.Patterson,WR,2,0.0
J.Smith,TE,12,0.0
S.Sims,WR,6,0.0
M.Hardman,WR,9,0.0
C.Patterson,WR,5,0.0
